"p","accuracy_mean","accuracy_std"
0.1,0.844551282051282,0.0655893941112226
0.2,0.846826923076923,0.0537295714686819
0.3,0.831571906354515,0.0455983632437851
0.4,0.82479735318445,0.0430107328052381
0.5,0.800802103879027,0.0522545870123349
0.6,0.793278777959629,0.0325977564448102
0.7,0.76253613053613,0.0521217767989505
0.8,0.748660049627791,0.0471187367135171
0.9,0.756051282051282,0.0393072495201595
